pH,Turbidity,Temperature,TDS,Label
7.91,3.95,29.0,603.4,Abnormal
8.36,17.23,23.0,324.1,Abnormal
7.4,1.38,28.1,82.4,Normal
7.39,2.53,17.9,133.4,Normal
6.92,17.93,30.4,410.4,Abnormal
7.28,2.94,16.6,1063.5,Abnormal
7.76,1.55,23.1,296.6,Normal
7.41,1.17,21.4,238.6,Normal
6.98,10.37,42.4,448.1,Abnormal
5.53,0.76,21.6,475.1,Abnormal
8.33,1.35,17.7,229.9,Normal
7.1,4.61,36.3,862.9,Abnormal
6.67,3.65,23.5,329.7,Normal
7.0,3.94,23.4,170.4,Normal
6.82,1.78,8.0,237.9,Abnormal
9.15,2.06,41.9,838.6,Abnormal
5.67,13.69,22.2,201.7,Abnormal
6.91,0.47,29.9,315.1,Normal
7.05,4.07,19.2,207.0,Normal
9.87,6.79,21.6,868.7,Abnormal
7.36,1.4,16.1,384.7,Normal
7.82,2.78,23.0,1044.9,Abnormal
7.1,1.51,42.2,196.1,Abnormal
7.79,4.49,22.8,280.5,Normal
7.91,4.08,7.6,69.7,Abnormal
7.61,1.53,31.9,84.5,Normal
9.84,22.15,19.1,206.6,Abnormal
7.8,0.97,5.2,178.9,Abnormal
8.4,1.74,26.4,389.4,Normal
8.39,21.29,24.5,808.6,Abnormal
6.98,3.85,21.4,434.9,Normal
7.77,3.64,31.2,121.7,Normal
6.62,19.03,28.5,1194.9,Abnormal
9.48,3.88,31.7,468.9,Abnormal
7.81,1.51,21.1,375.9,Normal
6.78,29.98,7.8,166.9,Abnormal
6.65,3.12,18.2,242.4,Normal
8.38,1.54,25.9,310.4,Normal
6.76,4.62,29.4,294.6,Normal
6.94,2.21,22.8,158.1,Normal
7.35,0.55,22.8,335.9,Normal
8.1,2.67,30.4,372.1,Normal
8.0,0.31,27.9,354.4,Normal
7.57,4.67,22.1,283.9,Normal
6.74,2.93,35.9,280.9,Abnormal
6.29,1.97,23.9,460.8,Abnormal
8.15,0.43,19.8,337.7,Normal
7.14,22.35,16.2,544.4,Abnormal
6.9,5.91,38.0,131.4,Abnormal
6.77,2.13,22.8,244.8,Normal
8.39,2.59,31.5,426.0,Normal
7.06,10.79,25.2,362.5,Abnormal
7.8,1.65,21.0,420.1,Normal
8.26,4.65,19.5,1155.7,Abnormal
7.78,1.15,17.7,418.9,Normal
8.13,2.94,28.9,365.7,Normal
7.19,0.67,21.7,336.1,Normal
8.09,3.38,16.6,730.1,Abnormal
7.75,3.02,26.8,361.6,Normal
8.03,2.08,17.0,205.5,Normal
7.11,0.57,19.1,134.6,Normal
8.23,2.66,29.4,298.0,Normal
6.82,4.72,28.5,189.7,Normal
6.67,1.05,38.2,437.5,Abnormal
6.7,2.85,24.0,422.3,Normal
9.22,11.87,30.8,210.8,Abnormal
4.15,3.81,5.8,378.8,Abnormal
7.32,1.13,32.0,264.4,Normal
7.17,1.36,19.4,463.7,Normal
7.35,1.07,22.7,446.2,Normal
7.28,0.13,21.6,376.6,Normal
8.06,2.71,25.4,288.3,Normal
7.48,2.81,7.8,220.5,Abnormal
6.63,2.62,23.3,339.5,Normal
8.39,1.49,31.6,332.8,Normal
6.85,4.55,20.9,256.6,Normal
8.73,5.89,17.0,786.8,Abnormal
7.05,1.85,30.5,778.0,Abnormal
7.39,4.6,43.0,984.8,Abnormal
9.31,14.75,23.0,270.5,Abnormal
8.32,1.68,17.5,74.5,Normal
8.2,1.26,25.5,314.9,Normal
7.27,2.18,31.2,423.5,Normal
7.8,4.74,25.5,467.0,Normal
9.36,0.16,40.1,454.4,Abnormal
7.67,0.2,28.6,142.0,Normal
4.38,3.08,24.8,914.7,Abnormal
8.9,0.87,31.7,142.2,Abnormal
8.19,1.25,23.4,310.8,Normal
9.19,2.17,23.7,1014.2,Abnormal
7.04,26.19,3.2,454.2,Abnormal
7.74,3.99,27.3,230.3,Normal
7.92,22.58,13.0,901.4,Abnormal
9.3,6.37,38.7,364.7,Abnormal
7.22,2.86,26.2,225.2,Normal
6.91,1.86,27.7,1128.8,Abnormal
7.79,0.84,18.8,64.5,Normal
7.26,3.68,25.2,401.3,Normal
7.77,3.71,27.5,128.9,Normal
10.04,1.95,39.3,824.6,Abnormal
7.75,0.22,20.4,132.7,Normal
7.18,29.12,38.0,174.5,Abnormal
7.54,2.22,23.1,425.7,Normal
7.52,2.79,42.6,1193.6,Abnormal
5.56,1.46,8.6,1055.8,Abnormal
7.12,4.54,29.0,283.0,Normal
7.89,3.67,30.0,46.5,Normal
3.64,4.04,17.2,406.3,Abnormal
6.69,2.95,23.9,445.9,Normal
4.7,2.6,26.2,54.1,Abnormal
6.96,1.57,31.9,328.9,Normal
3.95,4.22,25.9,304.7,Abnormal
9.97,3.58,16.3,607.5,Abnormal
6.84,1.84,8.0,176.8,Abnormal
7.65,3.37,29.7,382.2,Normal
8.1,3.41,25.8,484.1,Normal
8.28,1.6,22.3,1090.0,Abnormal
5.82,21.84,18.8,339.9,Abnormal
8.24,0.45,17.3,309.8,Normal
6.78,3.73,29.6,306.2,Normal
6.97,1.11,29.9,181.1,Normal
7.32,0.77,26.1,44.1,Normal
7.79,4.04,26.1,445.6,Normal
6.1,19.78,23.1,769.4,Abnormal
7.4,1.1,23.6,444.5,Normal
7.15,2.01,11.1,441.8,Abnormal
8.29,1.83,42.4,502.7,Abnormal
7.97,2.64,28.5,274.0,Normal
9.25,29.23,16.9,729.1,Abnormal
8.33,2.26,19.9,710.7,Abnormal
7.46,2.68,20.2,431.3,Normal
5.27,3.57,12.1,426.1,Abnormal
7.27,4.29,6.9,451.9,Abnormal
7.95,3.72,17.7,225.6,Normal
7.66,7.02,27.4,213.2,Abnormal
7.36,0.24,19.5,262.5,Normal
4.5,3.12,11.9,342.9,Abnormal
7.21,2.87,19.7,131.3,Normal
10.48,4.55,25.0,879.9,Abnormal
6.73,1.1,20.2,459.3,Normal
6.76,2.25,21.9,1049.4,Abnormal
4.37,0.77,26.6,938.6,Abnormal
7.15,28.69,31.0,133.7,Abnormal
8.12,4.68,29.1,312.2,Normal
7.49,1.25,26.5,32.6,Normal
5.68,18.4,43.1,310.9,Abnormal
7.86,1.4,16.2,466.1,Normal
7.18,18.95,13.1,886.9,Abnormal
7.06,1.64,16.1,373.6,Normal
9.73,0.65,22.0,95.0,Abnormal
7.74,1.81,21.9,126.4,Normal
8.9,3.04,29.4,37.5,Abnormal
7.37,1.43,26.9,253.9,Normal
9.03,1.96,22.0,1151.6,Abnormal
9.47,2.3,35.2,81.8,Abnormal
7.21,0.13,29.9,290.5,Normal
6.6,1.62,16.3,457.4,Normal
6.79,6.59,11.2,1197.9,Abnormal
8.64,2.44,24.2,854.3,Abnormal
7.81,4.13,21.3,349.1,Normal
8.05,3.38,21.4,101.5,Normal
7.6,3.48,18.5,166.5,Normal
7.58,2.04,19.0,196.4,Normal
7.87,13.98,30.2,312.3,Abnormal
7.67,3.27,19.8,85.1,Normal
8.22,3.28,18.5,233.2,Normal
6.72,2.18,40.1,156.3,Abnormal
6.77,4.27,18.2,238.7,Normal
7.11,1.5,25.4,489.5,Normal
7.29,2.81,20.1,356.0,Normal
7.47,1.21,25.2,294.4,Normal
9.99,12.87,37.1,69.5,Abnormal
6.72,3.67,28.3,89.1,Normal
6.86,2.6,25.1,394.6,Normal
7.19,4.16,31.5,158.4,Normal
6.9,2.95,28.0,82.7,Normal
8.06,15.94,22.8,484.6,Abnormal
6.68,0.19,30.7,426.6,Normal
6.17,0.16,44.1,197.4,Abnormal
7.37,0.15,17.2,436.2,Normal
4.77,1.38,30.5,97.8,Abnormal
6.74,1.19,17.6,157.9,Normal
6.79,20.54,38.4,182.8,Abnormal
6.99,0.72,31.0,292.7,Normal
7.05,0.58,28.5,436.7,Normal
7.27,0.82,30.8,60.9,Normal
7.97,1.88,28.0,412.7,Normal
7.94,2.57,27.9,249.1,Normal
7.08,3.11,17.8,230.0,Normal
7.03,4.39,18.3,242.1,Normal
7.33,3.02,18.5,457.7,Normal
7.12,2.8,24.7,776.8,Abnormal
7.12,0.68,27.0,351.9,Normal
6.88,4.62,17.3,115.5,Normal
8.93,1.88,24.8,55.8,Abnormal
6.63,24.18,36.6,635.2,Abnormal
8.35,2.7,27.2,88.1,Normal
7.21,3.36,26.4,421.8,Normal
7.84,4.44,28.6,317.5,Normal
7.67,27.52,35.2,1032.6,Abnormal
7.05,4.44,23.1,426.2,Normal
3.79,24.67,43.8,473.8,Abnormal
6.89,2.69,24.8,72.9,Normal
8.04,4.16,29.0,152.7,Normal
8.19,17.02,22.4,788.1,Abnormal
7.9,1.51,20.9,217.9,Normal
7.42,1.58,21.2,476.3,Normal
7.47,1.1,22.4,57.0,Normal
7.16,3.28,31.3,212.5,Normal
8.09,3.01,29.8,295.6,Normal
7.56,4.39,29.3,148.2,Normal
10.25,18.64,12.2,275.8,Abnormal
7.58,2.94,19.5,130.9,Normal
7.95,4.18,27.5,475.5,Normal
7.81,1.16,19.2,41.2,Normal
6.81,1.07,43.1,71.8,Abnormal
7.21,0.64,31.4,94.7,Normal
10.31,4.54,29.8,222.3,Abnormal
7.68,1.75,25.2,127.9,Normal
7.74,18.92,36.5,490.0,Abnormal
6.76,0.32,17.8,318.6,Normal
8.1,3.89,17.2,426.4,Normal
9.41,2.14,37.0,258.2,Abnormal
7.48,0.8,24.6,188.8,Normal
7.72,0.23,22.3,289.6,Normal
6.73,3.07,19.7,446.5,Normal
7.62,0.6,31.7,1192.4,Abnormal
7.28,0.23,29.6,113.6,Normal
7.45,3.79,28.9,117.6,Normal
7.68,24.34,26.5,111.5,Abnormal
8.39,4.39,23.4,84.0,Normal
7.42,2.09,31.3,487.9,Normal
6.86,0.71,20.0,110.3,Normal
9.39,23.96,18.5,1061.6,Abnormal
7.93,3.28,30.3,70.0,Normal
5.9,19.2,19.4,840.3,Abnormal
7.44,2.17,18.9,53.6,Normal
7.94,0.83,22.6,75.5,Normal
7.76,0.22,30.9,411.6,Normal
8.16,2.41,30.0,294.1,Normal
8.03,1.17,16.4,118.8,Normal
7.33,0.88,23.5,88.7,Normal
7.61,1.33,25.4,443.0,Normal
7.35,4.49,24.1,407.5,Normal
7.55,3.7,41.6,478.0,Abnormal
6.92,1.89,27.3,260.1,Normal
7.06,1.3,16.2,400.1,Normal
8.16,4.69,29.0,435.5,Normal
7.19,4.77,24.5,238.7,Normal
7.87,0.4,22.5,279.6,Normal
7.92,0.52,20.7,373.8,Normal
7.28,22.15,24.0,331.1,Abnormal
10.31,3.62,30.0,1065.2,Abnormal
8.13,2.24,26.6,325.2,Normal
7.04,2.33,29.6,63.5,Normal
8.0,0.46,26.1,636.5,Abnormal
9.38,1.47,5.9,598.3,Abnormal
7.89,1.06,26.1,151.4,Normal
8.03,4.15,30.4,126.6,Normal
8.34,25.52,16.8,167.5,Abnormal
8.13,4.14,22.1,175.7,Normal
5.13,7.12,25.7,417.6,Abnormal
8.1,2.44,27.5,264.1,Normal
6.97,3.47,19.8,212.1,Normal
6.87,4.33,16.0,424.9,Normal
7.37,2.83,26.5,243.9,Normal
7.27,3.49,28.4,291.1,Normal
7.36,1.1,24.6,365.8,Normal
7.42,4.58,30.0,151.2,Normal
7.81,2.85,29.2,462.5,Normal
7.35,2.84,24.4,460.0,Normal
7.62,14.66,26.8,278.7,Abnormal
7.81,1.38,26.6,253.4,Normal
5.35,1.22,3.4,139.7,Abnormal
9.77,21.52,22.0,512.0,Abnormal
7.89,4.42,29.5,516.3,Abnormal
8.17,2.19,27.1,445.6,Normal
7.47,3.51,31.6,271.3,Normal
7.94,1.22,31.7,1119.8,Abnormal
8.31,4.8,26.8,154.0,Normal
7.64,2.79,27.4,222.1,Normal
6.73,1.9,6.0,77.1,Abnormal
6.6,2.22,25.5,164.0,Normal
7.94,3.25,21.8,62.2,Normal
9.77,4.01,8.0,427.6,Abnormal
8.19,4.23,21.9,102.6,Normal
6.8,1.2,16.4,436.7,Normal
7.59,0.34,32.0,414.6,Normal
6.75,3.48,23.8,378.8,Normal
6.6,4.45,24.6,360.9,Normal
7.94,1.11,22.7,186.8,Normal
7.75,1.98,31.7,276.7,Normal
4.98,4.68,26.0,258.2,Abnormal
3.73,2.63,8.9,68.5,Abnormal
8.25,0.95,25.4,322.0,Normal
7.22,5.75,43.1,918.4,Abnormal
8.1,0.54,17.5,369.8,Normal
6.27,1.49,10.2,669.5,Abnormal
7.77,4.37,29.2,62.8,Normal
8.29,3.28,30.4,313.1,Normal
7.42,0.37,11.3,401.2,Abnormal
6.81,0.2,21.2,398.6,Normal
8.18,1.58,26.5,212.0,Normal
8.18,4.16,20.4,393.4,Normal
7.66,4.19,30.0,232.5,Normal
7.94,2.14,17.6,321.5,Normal
4.42,4.53,36.9,391.5,Abnormal
7.84,3.14,23.9,394.7,Normal
6.83,2.75,17.1,382.0,Normal
7.08,4.5,26.4,310.2,Normal
7.48,4.36,29.5,72.5,Normal
8.29,2.35,29.2,214.3,Normal
6.96,3.34,44.3,329.0,Abnormal
6.35,1.41,39.9,463.1,Abnormal
7.28,19.14,9.6,82.4,Abnormal
9.93,3.49,12.4,161.9,Abnormal
8.25,4.76,37.6,88.4,Abnormal
6.87,0.7,20.9,443.5,Normal
7.82,29.71,27.1,796.2,Abnormal
7.68,2.1,43.7,191.7,Abnormal
7.62,1.12,27.2,382.8,Normal
9.9,20.83,21.4,1068.2,Abnormal
7.98,2.95,28.7,133.8,Normal
6.88,0.58,42.2,117.4,Abnormal
3.77,4.12,24.9,283.1,Abnormal
8.18,4.01,20.9,56.6,Normal
7.81,3.59,31.1,222.8,Normal
8.34,2.82,24.7,374.1,Normal
6.77,1.14,27.1,170.9,Normal
7.57,2.37,23.0,366.3,Normal
6.67,0.36,8.2,39.2,Abnormal
8.34,3.12,36.8,107.4,Abnormal
7.12,16.12,27.4,189.3,Abnormal
6.75,0.35,18.5,314.2,Normal
8.21,2.25,10.2,854.3,Abnormal
8.0,2.51,17.7,261.8,Normal
6.65,1.03,26.4,280.7,Normal
7.28,4.73,20.2,390.7,Normal
7.71,4.01,30.7,70.5,Normal
8.94,3.32,20.5,279.8,Abnormal
5.7,4.41,2.2,1134.2,Abnormal
6.72,1.39,26.1,282.2,Normal
7.94,1.65,27.2,154.6,Normal
8.34,3.88,21.9,393.7,Normal
8.2,2.98,27.5,262.2,Normal
3.93,19.36,25.9,990.7,Abnormal
8.08,2.36,28.9,373.4,Normal
8.3,2.45,23.9,67.0,Normal
6.82,4.67,25.7,140.1,Normal
6.68,3.84,20.7,202.4,Normal
7.01,19.69,12.0,766.7,Abnormal
7.75,15.21,8.6,338.7,Abnormal
7.56,3.68,19.0,129.5,Normal
10.28,2.16,22.7,106.5,Abnormal
7.05,0.48,16.3,278.1,Normal
7.98,2.55,26.0,156.3,Normal
10.43,12.21,30.1,542.4,Abnormal
7.69,25.29,12.8,237.2,Abnormal
7.78,29.59,26.4,50.4,Abnormal
7.82,18.25,28.6,271.7,Abnormal
7.78,0.14,29.1,167.7,Normal
7.25,23.09,37.1,1033.4,Abnormal
7.0,2.87,29.0,33.0,Normal
7.6,15.09,18.3,529.1,Abnormal
4.66,3.77,19.6,121.1,Abnormal
8.3,0.3,28.5,428.8,Normal
7.78,0.83,23.5,475.8,Normal
8.93,29.93,44.7,92.4,Abnormal
6.84,4.15,25.1,978.4,Abnormal
7.35,3.06,19.1,350.3,Normal
7.65,26.09,20.5,304.9,Abnormal
6.74,1.44,20.3,177.1,Normal
8.31,14.34,36.5,811.3,Abnormal
7.45,1.32,20.0,323.3,Normal
7.05,4.09,23.3,398.7,Normal
10.28,12.54,24.6,428.8,Abnormal
7.14,19.1,28.9,450.8,Abnormal
7.83,8.73,20.3,153.5,Abnormal
7.59,1.9,30.7,263.8,Normal
6.79,18.99,38.8,981.7,Abnormal
7.08,4.1,29.3,69.9,Normal
7.32,1.69,29.8,144.4,Normal
8.09,2.6,41.8,1071.2,Abnormal
6.64,0.82,18.0,338.0,Normal
8.02,0.61,30.0,425.0,Normal
6.9,1.55,28.0,291.8,Normal
6.67,2.13,21.2,145.2,Normal
7.08,0.95,27.2,172.1,Normal
7.38,23.67,17.3,430.4,Abnormal
6.93,4.26,5.4,235.1,Abnormal
7.91,1.57,25.7,265.3,Normal
7.12,3.85,25.7,192.1,Normal
7.97,2.21,43.7,945.1,Abnormal
6.78,3.32,24.7,479.8,Normal
10.32,0.4,30.4,586.6,Abnormal
7.38,0.24,21.4,342.4,Normal
8.38,3.11,24.9,344.9,Normal
7.4,1.35,20.0,680.4,Abnormal
6.73,2.25,32.0,488.2,Normal
6.67,6.29,37.8,426.6,Abnormal
6.94,3.38,25.1,137.4,Normal
7.79,0.22,16.2,393.4,Normal
8.34,4.14,27.6,480.8,Normal
7.33,2.52,31.8,332.5,Normal
7.37,1.84,24.1,187.0,Normal
8.03,0.9,17.4,267.1,Normal
6.99,3.99,5.5,288.5,Abnormal
7.49,0.53,21.6,183.3,Normal
6.38,4.72,43.1,460.2,Abnormal
6.92,0.72,24.6,476.9,Normal
8.12,3.75,19.7,44.8,Normal
6.69,1.88,19.4,180.3,Normal
7.14,3.1,25.7,100.3,Normal
7.74,1.68,29.1,375.5,Normal
7.14,2.68,16.0,162.0,Normal
3.66,12.43,24.8,963.8,Abnormal
6.91,3.53,18.6,204.5,Normal
7.8,0.31,22.3,305.7,Normal
7.69,0.57,27.2,422.3,Normal
8.36,4.68,42.0,661.6,Abnormal
6.79,2.7,20.4,308.2,Normal
7.67,2.98,23.7,1159.8,Abnormal
7.03,1.62,18.8,54.1,Normal
7.56,9.46,31.0,450.1,Abnormal
6.85,16.29,17.7,78.6,Abnormal
8.18,4.55,17.4,253.6,Normal
6.64,3.56,21.3,458.2,Normal
4.42,28.58,7.7,370.2,Abnormal
7.54,2.25,31.4,58.0,Normal
7.5,0.94,30.6,430.4,Normal
7.73,23.46,39.6,212.0,Abnormal
7.59,4.46,23.0,351.2,Normal
7.46,1.99,27.0,255.5,Normal
7.31,16.71,21.1,160.2,Abnormal
10.4,2.53,25.1,621.8,Abnormal
7.43,24.16,19.0,432.6,Abnormal
7.55,2.25,27.6,218.6,Normal
5.17,1.41,27.3,756.7,Abnormal
6.92,4.6,24.3,53.1,Normal
6.23,13.48,31.4,201.9,Abnormal
7.32,1.49,18.0,223.4,Normal
7.91,3.26,31.7,75.3,Normal
8.13,10.98,23.0,88.1,Abnormal
5.47,3.14,17.1,73.5,Abnormal
6.72,3.07,30.7,488.8,Normal
4.09,0.63,29.3,445.3,Abnormal
6.96,4.26,43.0,320.1,Abnormal
6.73,3.06,16.9,98.6,Normal
6.81,3.25,38.9,474.3,Abnormal
7.03,24.89,20.0,193.0,Abnormal
7.09,2.76,27.0,372.5,Normal
7.71,4.5,41.0,140.7,Abnormal
7.65,2.32,24.5,225.7,Normal
7.79,4.51,18.1,83.1,Normal
7.57,0.75,19.7,349.2,Normal
5.59,3.13,20.0,1093.7,Abnormal
8.34,4.45,29.6,106.5,Normal
7.88,27.34,24.3,98.5,Abnormal
10.42,2.74,38.6,1138.6,Abnormal
7.37,7.04,17.5,128.2,Abnormal
7.25,1.97,19.0,86.2,Normal
7.11,2.63,5.4,703.2,Abnormal
7.92,4.64,20.3,401.8,Normal
6.92,0.17,24.5,156.2,Normal
7.05,0.67,19.1,85.0,Normal
3.58,2.21,24.9,217.7,Abnormal
6.78,3.49,2.6,60.9,Abnormal
7.02,3.42,27.2,238.9,Normal
7.87,0.32,19.6,163.1,Normal
7.96,3.04,28.2,123.6,Normal
7.57,13.44,27.1,34.4,Abnormal
7.89,0.46,27.0,318.5,Normal
6.06,12.07,26.4,259.5,Abnormal
8.08,4.37,20.8,217.8,Normal
8.71,1.99,44.2,129.9,Abnormal
6.62,3.49,26.9,277.0,Normal
8.14,4.58,22.7,373.9,Normal
8.17,3.06,14.5,959.3,Abnormal
7.93,4.55,19.3,127.1,Normal
6.81,28.83,27.2,105.4,Abnormal
7.05,4.4,21.1,900.5,Abnormal
7.59,2.65,23.3,178.0,Normal
8.82,1.07,44.0,479.4,Abnormal
8.06,1.91,26.6,407.5,Normal
9.76,2.07,22.6,123.8,Abnormal
7.51,3.69,10.8,485.0,Abnormal
5.84,3.37,17.5,337.3,Abnormal
5.36,3.87,11.2,145.0,Abnormal
7.75,1.33,27.9,283.8,Normal
8.37,2.43,16.6,261.1,Normal
8.13,3.96,17.7,472.0,Normal
8.29,0.64,31.5,112.1,Normal
8.25,2.26,20.2,143.4,Normal
7.61,4.4,19.5,59.1,Normal
7.76,1.64,14.2,353.3,Abnormal
6.61,1.52,19.4,93.1,Normal
7.48,2.02,31.2,45.0,Normal
8.02,25.11,24.9,199.7,Abnormal
7.09,4.02,31.7,142.1,Normal
8.07,4.63,17.7,41.8,Normal
